{"cameraMode":{"drawMode":0,"name":"Shaded","section":"Shading Mode"},"sceneLighting":true,"audioPlay":false,"sceneViewState":{"m_AlwaysRefresh":false,"showFog":true,"showSkybox":true,"showFlares":true,"showImageEffects":true,"showParticleSystems":true,"showVisualEffectGraphs":true,"m_FxEnabled":true},"in2DMode":false,"pivot":{"x":-0.16823452711105348,"y":0.9739323854446411,"z":1.7148140668869019},"rotation":{"x":0.25322821736335757,"y":-0.12725543975830079,"z":0.03362690284848213,"w":0.9584285616874695},"size":6.13740873336792,"orthographic":false}